,framej,patchi,x,y,w,h,lengthCon
1,1,1,1066,391,12,7,17
2,1,10,46,336,19,2,12
3,1,11,991,335,4,3,6
4,1,13,1091,309,9,3,8
5,1,16,1018,308,6,3,6
6,1,18,1056,301,9,5,8
7,1,23,1089,277,5,6,8
8,1,28,995,265,3,40,23
9,1,31,66,235,3,28,12
10,1,33,989,229,2,32,18
11,1,34,76,229,2,51,10
12,1,36,261,227,16,2,6
13,1,55,65,202,4,30,15
14,1,59,989,196,2,18,9
15,1,60,1087,193,9,2,6
16,1,64,991,190,3,5,8
17,1,65,67,190,2,9,9
18,1,69,1084,186,5,6,10
19,1,76,765,181,5,3,7
20,1,78,324,180,3,8,10
21,1,79,320,180,2,10,10
22,1,85,778,166,4,3,7
23,1,88,762,164,9,8,20
24,1,90,766,164,3,4,6
25,1,101,768,151,4,2,6
26,1,110,344,186,5,11,7
27,1,111,343,163,4,4,8
28,1,121,65,131,3,22,8
29,1,123,739,129,6,11,19
30,1,128,507,128,4,14,13
31,1,129,489,128,3,5,8
32,1,136,771,124,6,5,9
33,1,150,368,117,6,3,10
34,1,153,763,115,5,3,6
35,1,163,609,676,4,6,8
36,1,169,399,657,10,3,6
37,1,171,431,654,18,3,6
38,1,173,282,580,7,4,9
39,1,180,283,511,4,3,6
40,1,181,279,503,3,4,6
41,1,182,767,502,10,3,6
42,1,184,245,487,4,3,6
43,1,185,655,479,5,3,6
44,1,187,799,470,4,3,6
45,1,191,831,451,10,5,12
46,1,193,303,439,10,3,6
47,1,194,707,438,4,3,6
48,1,195,295,438,10,3,6
49,1,198,720,653,48,7,30
50,1,203,768,636,4,8,14
51,1,205,768,624,4,6,10
52,1,209,763,619,4,10,16
53,1,212,928,612,2,7,7
54,1,220,862,615,12,8,17
55,1,225,895,607,4,3,6
56,1,228,839,611,11,9,16
57,1,229,841,601,9,8,15
58,1,232,783,592,3,3,6
59,1,242,843,557,5,6,10
60,1,243,816,553,3,6,6
61,1,245,833,542,2,5,7
62,1,248,663,659,10,3,6
63,1,249,575,650,18,7,11
64,1,251,743,613,10,16,15
65,1,252,776,608,11,10,18
66,1,253,752,608,3,4,6
67,1,254,782,606,3,4,6
68,1,256,767,602,3,4,6
69,1,257,771,601,5,7,8
70,1,258,768,600,4,4,8
71,1,259,767,586,3,4,6
72,1,261,723,567,7,4,7
73,1,263,751,547,10,10,8
74,1,268,596,518,8,6,12
75,1,269,858,517,8,11,21
76,1,277,649,501,7,4,11
77,1,282,820,499,6,6,10
78,1,283,823,496,3,4,6
79,1,284,832,478,9,5,12
80,1,286,748,437,5,4,7
81,1,287,714,437,4,3,6
82,1,288,681,437,26,4,8
83,1,306,303,648,5,4,8
84,1,310,321,627,3,5,6
85,1,312,287,606,17,14,19
86,1,318,240,532,16,32,16
87,1,322,218,452,22,9,18
88,1,324,242,412,3,4,6
89,1,325,843,406,5,3,6
90,1,328,261,398,4,4,6
91,1,329,255,396,6,3,6
92,1,331,818,395,11,7,17
93,1,334,831,391,7,4,8
94,1,335,823,391,9,4,9
95,1,338,695,388,14,20,26
96,1,339,254,384,6,5,8
97,1,340,261,379,4,4,6
98,1,341,255,379,6,6,8
99,1,343,256,376,4,3,6
100,1,344,791,375,5,3,6
101,1,345,300,375,5,4,7
102,1,347,814,373,4,3,6
103,1,350,370,371,4,3,6
104,1,351,351,371,10,4,7
105,1,352,719,365,18,3,6
106,1,353,359,365,3,4,6
107,1,354,551,363,10,7,10
108,1,355,537,361,16,6,14
109,1,356,531,359,4,3,6
110,1,357,583,355,3,4,6
111,1,358,567,355,10,7,10
112,1,361,439,347,6,4,7
113,1,362,484,345,5,3,6
114,1,365,559,301,6,7,12
115,1,366,565,300,5,7,12
116,1,367,500,298,4,3,6
117,1,368,496,298,4,3,6
118,1,369,553,296,6,5,7
119,1,370,545,296,8,4,9
120,1,372,471,295,10,3,6
121,1,374,495,293,18,5,12
122,1,377,332,287,4,3,6
123,1,379,340,283,5,4,7
124,1,381,791,280,4,4,6
125,1,382,347,279,5,4,7
126,1,384,806,267,3,4,6
127,1,385,285,267,4,4,6
128,1,388,810,261,5,3,6
129,1,389,809,249,8,4,7
130,1,390,290,244,4,3,6
131,1,392,823,241,5,3,6
132,1,393,482,237,5,3,6
133,1,401,920,424,3,6,8
134,1,406,902,386,10,5,14
135,1,413,876,376,12,6,17
136,1,414,904,373,10,12,23
137,1,418,760,333,13,4,17
138,1,421,712,330,10,3,8
139,1,423,726,325,21,4,15
140,1,424,712,324,8,5,10
141,1,425,720,315,8,2,6
142,1,430,752,301,8,5,10
143,1,438,851,286,6,3,7
144,1,442,816,277,5,4,8
145,1,454,747,229,6,3,6
146,1,463,201,407,5,3,8
147,1,464,197,406,4,4,10
148,1,469,228,389,12,7,15
149,1,478,556,347,8,5,13
150,1,481,631,346,10,8,13
151,1,494,256,334,8,3,10
152,1,496,360,333,7,3,8
153,1,497,246,333,9,3,8
154,1,499,368,332,16,5,18
155,1,512,584,317,10,25,28
156,1,518,602,311,6,6,7
157,1,525,401,308,4,5,10
158,1,527,541,305,3,4,6
159,1,534,610,304,3,4,7
160,1,542,376,298,23,4,16
161,1,543,368,298,4,6,9
162,1,550,609,290,5,8,11
163,1,552,599,289,7,6,15
164,1,554,281,284,7,16,26
165,1,555,276,271,6,5,14
166,1,560,276,261,4,4,8
167,1,568,673,225,4,3,6
168,1,570,333,225,4,3,6
169,1,571,327,225,6,3,6
170,1,573,534,223,96,5,19
171,1,574,743,218,10,3,6
172,1,575,751,217,5,3,6
173,1,576,735,217,5,4,7
174,1,581,763,199,4,3,6
175,1,583,747,167,6,3,6
176,1,584,735,167,9,6,8
177,1,586,716,163,5,3,6
178,1,587,718,156,3,4,6
179,1,589,536,147,4,4,6
180,1,591,719,132,4,7,7
181,1,594,720,127,5,6,10
182,1,595,714,126,6,4,7
183,1,596,708,126,4,3,6
184,1,598,688,124,4,3,6
185,1,602,703,119,8,5,12
186,1,603,717,118,6,3,6
187,1,612,849,108,17,2,9
188,1,614,737,108,41,4,20
189,1,615,82,108,15,2,6
190,1,618,740,102,6,3,8
191,1,633,482,68,2,7,6
192,1,637,490,54,3,10,7
193,1,638,431,53,4,11,11
194,1,641,477,51,4,3,7
195,1,645,463,69,13,7,21
196,1,651,359,90,4,4,8
197,1,652,361,76,6,3,6
198,1,654,267,36,169,5,22
199,1,655,479,33,6,6,11
200,1,659,707,100,6,3,6
201,1,660,695,100,4,3,6
202,1,661,687,83,10,6,11
203,1,662,667,83,6,3,6
204,1,663,662,79,11,3,6
205,1,664,608,76,9,3,6
206,1,666,499,69,23,41,25
207,1,667,495,40,27,27,16
208,1,669,193,18,18,6,18
209,1,670,182,18,9,6,11
210,1,671,171,18,9,6,8
211,1,672,151,18,18,6,14
212,1,673,126,18,22,6,25
213,1,674,298,17,18,7,15
214,1,675,289,17,7,7,9
215,1,676,269,17,18,7,27
216,1,677,245,17,22,7,23
217,1,678,235,17,7,7,14
218,1,679,214,17,19,7,21
219,1,681,611,21,5,4,6
220,1,685,497,15,26,12,22
221,1,686,505,17,10,8,8
222,2,1,1070,394,10,10,20
223,2,10,46,336,19,2,12
224,2,11,991,335,4,3,6
225,2,13,1091,309,9,3,8
226,2,16,1018,308,6,3,6
227,2,18,1056,301,9,5,8
228,2,23,1089,277,5,6,8
229,2,28,995,265,3,40,23
230,2,31,66,235,3,28,12
231,2,33,989,229,2,32,18
232,2,34,76,229,2,51,10
233,2,36,261,227,16,2,6
234,2,57,65,202,4,30,15
235,2,62,989,196,2,18,9
236,2,64,1087,193,9,2,6
237,2,68,991,190,3,5,8
238,2,72,1084,186,5,6,10
239,2,83,320,180,3,8,9
240,2,89,778,166,4,3,7
241,2,92,762,164,9,8,20
242,2,93,766,164,3,4,6
243,2,103,768,151,4,2,6
244,2,109,335,211,5,5,7
245,2,110,344,186,5,11,7
246,2,111,344,169,4,4,6
247,2,112,343,162,4,5,8
248,2,113,343,158,4,3,6
249,2,121,65,132,3,21,8
250,2,125,739,129,6,11,19
251,2,129,507,128,5,14,13
252,2,130,489,128,3,5,8
253,2,136,470,135,3,4,6
254,2,137,771,124,6,5,9
255,2,147,368,118,8,2,7
256,2,153,763,115,5,3,6
257,2,163,609,676,4,6,8
258,2,169,399,657,18,3,6
259,2,171,431,654,18,3,6
260,2,172,275,581,5,3,6
261,2,173,282,580,7,4,9
262,2,174,487,519,7,8,12
263,2,179,283,511,4,3,6
264,2,181,767,502,10,3,6
265,2,182,279,502,3,5,6
266,2,183,615,496,9,11,19
267,2,184,245,487,4,3,6
268,2,186,799,472,4,3,6
269,2,187,803,471,6,4,8
270,2,193,520,509,3,8,7
271,2,195,831,451,10,5,12
272,2,197,303,439,10,3,6
273,2,198,707,438,4,3,6
274,2,199,301,438,4,3,6
275,2,200,295,438,7,3,6
276,2,201,748,437,5,4,7
277,2,202,714,437,4,3,6
278,2,203,676,437,31,4,10
279,2,204,660,437,5,3,6
280,2,211,301,646,7,9,18
281,2,214,321,627,3,5,6
282,2,216,287,606,17,14,19
283,2,222,240,532,16,32,16
284,2,226,218,452,22,9,18
285,2,228,242,412,3,4,6
286,2,229,843,406,5,3,6
287,2,233,261,398,4,4,8
288,2,234,252,396,4,5,8
289,2,235,818,395,11,7,15
290,2,236,256,395,4,6,7
291,2,239,831,391,7,4,8
292,2,240,823,391,9,4,9
293,2,243,836,387,3,4,6
294,2,245,840,383,5,5,8
295,2,246,261,379,4,4,6
296,2,247,254,379,7,11,16
297,2,249,256,376,4,3,6
298,2,250,791,375,5,3,6
299,2,251,300,375,13,4,8
300,2,253,814,373,4,3,6
301,2,257,369,371,6,3,6
302,2,258,351,371,10,4,7
303,2,259,731,370,10,21,25
304,2,260,709,367,12,22,30
305,2,261,359,365,3,4,6
306,2,262,711,364,3,4,6
307,2,263,568,364,4,3,6
308,2,265,712,363,6,3,6
309,2,266,537,361,16,6,14
310,2,267,697,360,10,6,14
311,2,268,531,359,4,3,6
312,2,269,719,358,18,3,6
313,2,270,567,355,10,8,13
314,2,272,484,345,5,3,6
315,2,273,575,344,4,3,6
316,2,278,500,298,4,3,6
317,2,279,496,298,4,3,6
318,2,281,578,295,4,3,6
319,2,282,543,295,16,6,18
320,2,283,471,295,10,3,6
321,2,285,495,293,18,5,8
322,2,286,468,293,5,3,6
323,2,290,332,287,4,3,6
324,2,292,791,280,4,4,6
325,2,294,806,267,3,4,6
326,2,295,285,267,4,4,6
327,2,298,810,261,5,3,6
328,2,299,809,249,8,4,7
329,2,300,290,244,4,3,6
330,2,301,821,241,7,4,9
331,2,302,483,237,4,3,6
332,2,309,920,424,3,6,8
333,2,313,902,386,10,5,14
334,2,317,876,376,12,6,17
335,2,318,904,373,10,14,26
336,2,322,760,333,13,4,16
337,2,329,726,325,21,4,15
338,2,331,671,324,17,4,13
339,2,332,720,315,8,2,6
340,2,339,744,301,16,6,12
341,2,350,816,276,8,7,18
342,2,368,201,407,5,3,8
343,2,369,197,406,4,4,10
344,2,374,228,389,12,7,15
345,2,383,555,348,8,4,8
346,2,397,256,334,8,3,10
347,2,401,359,333,8,3,8
348,2,402,246,333,9,3,8
349,2,403,368,332,16,5,14
350,2,406,366,325,24,8,31
351,2,409,432,323,64,11,30
352,2,410,550,322,10,6,13
353,2,425,416,308,14,4,17
354,2,427,401,308,4,5,10
355,2,428,562,307,7,9,15
356,2,429,541,305,3,4,6
357,2,437,270,303,9,2,6
358,2,442,379,298,20,4,16
359,2,452,281,284,7,16,26
360,2,453,276,271,6,5,14
361,2,457,276,261,4,4,8
362,2,467,728,653,41,8,31
363,2,474,768,636,4,8,14
364,2,478,768,624,4,6,10
365,2,482,763,619,4,10,16
366,2,491,904,608,8,13,18
367,2,493,862,615,12,8,20
368,2,496,895,607,4,3,6
369,2,499,839,611,11,9,17
370,2,500,841,601,9,8,13
371,2,508,799,573,22,23,31
372,2,519,663,659,10,3,6
373,2,520,629,657,4,3,6
374,2,521,623,657,7,3,6
375,2,522,637,655,4,3,6
376,2,523,575,650,18,7,11
377,2,525,743,612,10,17,18
378,2,526,776,608,11,10,18
379,2,527,752,608,3,4,6
380,2,528,782,606,3,4,6
381,2,530,767,602,3,4,6
382,2,531,771,601,5,7,8
383,2,532,768,600,4,4,8
384,2,534,751,549,7,6,7
385,2,537,858,517,8,11,21
386,2,538,597,514,9,7,14
387,2,554,832,478,9,5,12
388,2,556,640,368,13,11,23
389,2,558,638,363,8,4,6
390,2,559,636,348,10,7,14
391,2,560,592,318,8,21,21
392,2,561,608,313,5,5,7
393,2,563,615,305,3,5,6
394,2,565,604,302,3,5,7
395,2,568,614,292,11,7,16
396,2,569,608,291,3,6,8
397,2,570,747,229,6,3,6
398,2,575,673,225,4,3,6
399,2,578,637,223,5,3,6
400,2,579,534,223,104,6,16
401,2,581,743,218,10,3,6
402,2,582,751,217,5,3,6
403,2,583,735,217,5,4,7
404,2,588,756,203,3,4,6
405,2,593,747,167,6,3,6
406,2,594,735,167,9,6,9
407,2,595,716,163,5,3,6
408,2,596,718,156,3,4,6
409,2,597,536,147,5,4,7
410,2,600,719,132,3,7,6
411,2,602,720,127,6,6,10
412,2,603,708,126,4,3,6
413,2,604,714,125,7,5,10
414,2,606,558,121,4,4,6
415,2,607,703,119,8,5,12
416,2,608,717,118,6,3,6
417,2,616,849,108,17,2,9
418,2,619,736,108,42,4,22
419,2,620,82,108,15,2,6
420,2,623,740,102,6,3,7
421,2,637,488,72,3,6,6
422,2,645,494,59,3,5,8
423,2,649,486,51,7,3,11
424,2,651,431,51,4,12,14
425,2,652,433,43,3,5,6
426,2,655,476,74,4,7,7
427,2,656,463,69,14,7,18
428,2,663,327,97,3,4,6
429,2,664,359,90,4,4,8
430,2,665,361,76,6,3,6
431,2,666,433,74,3,4,6
432,2,668,267,36,169,5,22
433,2,669,476,34,5,5,8
434,2,673,707,100,6,3,6
435,2,674,695,100,4,3,6
436,2,675,687,83,10,6,11
437,2,676,608,76,9,3,6
438,2,680,473,23,12,8,19
439,2,681,193,18,18,6,18
440,2,682,182,18,9,6,11
441,2,683,171,18,9,6,8
442,2,684,151,18,18,6,14
443,2,685,126,18,22,6,25
444,2,686,298,17,18,7,13
445,2,687,289,17,7,7,9
446,2,688,269,17,18,7,27
447,2,689,245,17,22,7,23
448,2,690,235,17,7,7,14
449,2,691,214,17,19,7,21
450,2,693,611,21,5,4,6
451,2,697,497,15,26,12,23
452,2,698,505,17,10,8,8
453,2,702,482,7,4,12,10
454,2,703,443,4,3,8,9
455,2,704,478,0,6,7,15
456,3,2,1075,402,11,8,19
457,3,12,46,336,19,2,12
458,3,13,991,335,4,3,6
459,3,15,1091,309,9,3,8
460,3,18,1018,308,6,3,6
461,3,20,1056,301,9,5,8
462,3,25,1089,277,5,6,8
463,3,30,995,265,3,40,23
464,3,33,66,235,3,28,12
465,3,35,989,229,2,32,18
466,3,36,76,229,2,51,10
467,3,38,260,227,17,2,6
468,3,59,65,202,4,30,16
469,3,66,989,196,2,18,6
470,3,68,1087,193,9,2,6
471,3,72,991,190,3,5,8
472,3,76,1084,186,5,6,10
473,3,87,320,180,3,8,9
474,3,93,778,166,4,3,7
475,3,97,762,164,9,8,20
476,3,98,766,164,3,4,6
477,3,108,768,151,4,2,6
478,3,115,335,211,5,5,7
479,3,116,344,186,5,11,7
480,3,117,335,170,10,5,12
481,3,118,344,169,4,4,6
482,3,119,343,161,4,6,6
483,3,120,343,150,4,3,6
484,3,129,65,132,3,21,8
485,3,131,739,129,6,11,19
486,3,134,507,128,4,14,11
487,3,135,489,128,3,5,7
488,3,137,567,127,4,3,6
489,3,143,771,124,6,5,9
490,3,154,478,118,14,5,9
491,3,155,384,118,32,4,16
492,3,158,493,117,12,13,22
493,3,159,417,117,18,6,23
494,3,161,367,117,7,3,8
495,3,162,763,115,5,3,6
496,3,166,580,689,4,3,7
497,3,171,609,676,4,6,8
498,3,177,399,657,18,3,6
499,3,179,431,654,18,3,6
500,3,180,275,581,5,3,6
501,3,181,282,580,7,4,9
502,3,183,494,516,6,4,7
503,3,187,540,502,4,3,6
504,3,188,279,502,4,4,6
505,3,189,536,501,4,6,6
506,3,190,550,500,7,4,7
507,3,191,741,499,4,3,6
508,3,193,612,493,3,4,6
509,3,194,245,487,4,3,6
510,3,196,239,479,3,4,6
511,3,197,799,472,4,3,6
512,3,198,803,471,6,4,8
513,3,199,799,470,4,3,6
514,3,205,519,509,4,8,8
515,3,207,831,451,10,5,12
516,3,209,303,439,10,3,6
517,3,210,707,438,4,3,6
518,3,211,295,438,10,3,6
519,3,217,736,653,33,8,29
520,3,223,768,636,4,8,14
521,3,227,762,619,4,7,14
522,3,237,911,614,4,4,6
523,3,238,904,608,5,14,16
524,3,240,862,615,12,8,20
525,3,242,895,607,4,3,6
526,3,244,840,611,10,10,14
527,3,245,841,601,9,8,14
528,3,253,799,573,22,23,26
529,3,261,776,548,43,14,31
530,3,262,783,551,10,3,6
531,3,269,663,659,10,3,6
532,3,270,575,650,18,7,11
533,3,271,743,613,9,16,13
534,3,272,776,608,11,10,17
535,3,273,752,608,3,4,6
536,3,274,782,606,3,4,6
537,3,277,767,602,3,4,6
538,3,278,771,601,5,7,8
539,3,279,768,600,4,4,8
540,3,290,858,517,8,11,21
541,3,293,879,509,9,2,8
542,3,302,832,478,9,5,12
543,3,304,748,437,5,4,7
544,3,307,680,437,27,4,10
545,3,308,677,437,4,3,6
546,3,309,667,437,6,4,7
547,3,316,300,647,8,8,20
548,3,320,321,627,3,5,6
549,3,328,240,532,16,32,16
550,3,332,218,452,22,9,18
551,3,334,242,412,3,4,6
552,3,335,843,406,5,3,6
553,3,339,261,398,4,4,6
554,3,340,255,396,6,3,6
555,3,341,252,396,4,5,8
556,3,342,818,395,11,7,15
557,3,344,831,391,7,4,8
558,3,345,823,391,9,4,9
559,3,347,254,384,6,5,8
560,3,348,255,379,6,6,10
561,3,349,300,375,5,4,7
562,3,351,814,373,4,3,6
563,3,353,263,373,4,4,6
564,3,355,369,371,6,3,6
565,3,356,351,371,10,4,8
566,3,358,359,365,3,4,6
567,3,359,335,365,18,5,12
568,3,360,335,365,4,3,6
569,3,361,551,363,10,6,8
570,3,362,702,362,7,11,15
571,3,363,567,360,8,5,11
572,3,365,531,359,4,3,6
573,3,366,703,357,3,4,6
574,3,369,751,355,6,3,6
575,3,370,567,355,10,6,11
576,3,371,761,354,5,5,9
577,3,375,721,348,4,4,6
578,3,379,439,347,4,4,6
579,3,382,591,346,4,4,8
580,3,383,484,345,5,3,6
581,3,385,583,344,4,3,6
582,3,386,582,342,4,3,6
583,3,387,584,340,6,5,11
584,3,389,578,328,3,4,6
585,3,390,577,326,4,3,6
586,3,393,669,307,4,3,6
587,3,396,500,298,4,3,6
588,3,397,496,298,4,3,6
589,3,398,584,297,3,4,6
590,3,400,552,295,6,5,7
591,3,401,547,295,5,5,8
592,3,402,495,293,18,5,8
593,3,404,673,291,8,11,14
594,3,406,335,283,18,3,6
595,3,407,791,280,4,4,6
596,3,409,806,267,3,4,6
597,3,410,285,267,4,4,6
598,3,413,810,261,5,3,6
599,3,414,809,249,8,4,7
600,3,415,290,244,4,3,6
601,3,416,823,241,5,3,6
602,3,417,483,237,4,3,6
603,3,424,920,424,3,6,8
604,3,429,902,386,10,5,14
605,3,435,876,376,12,6,17
606,3,436,904,373,10,14,26
607,3,444,760,333,12,4,10
608,3,451,729,326,18,3,19
609,3,453,710,324,10,5,12
610,3,463,744,301,16,6,12
611,3,464,688,300,5,8,8
612,3,476,816,276,8,7,18
613,3,489,646,372,12,9,20
614,3,492,641,350,6,8,14
615,3,493,599,322,7,14,18
616,3,494,614,316,4,4,7
617,3,495,625,308,3,5,6
618,3,501,619,294,10,8,16
619,3,502,612,293,4,6,9
620,3,508,201,407,5,3,8
621,3,509,197,406,4,4,10
622,3,514,228,389,12,7,15
623,3,523,555,348,8,4,8
624,3,526,404,346,12,2,7
625,3,536,256,334,8,3,10
626,3,538,359,333,8,3,8
627,3,539,246,333,9,3,8
628,3,541,368,332,15,5,11
629,3,542,378,334,4,3,6
630,3,549,561,323,15,10,15
631,3,551,432,323,64,11,30
632,3,569,416,308,14,4,17
633,3,571,401,308,4,5,10
634,3,572,541,305,9,5,12
635,3,580,270,303,9,2,6
636,3,584,376,298,23,4,12
637,3,585,368,298,2,4,6
638,3,593,281,284,7,16,26
639,3,594,276,271,6,5,14
640,3,599,276,261,4,4,8
641,3,604,271,242,6,4,7
642,3,605,747,229,6,3,6
643,3,610,333,225,4,3,6
644,3,611,327,225,5,3,6
645,3,612,534,223,110,5,23
646,3,615,743,218,10,3,6
647,3,616,751,217,5,3,6
648,3,617,735,217,5,4,7
649,3,619,781,215,4,3,6
650,3,620,777,215,4,3,6
651,3,626,734,176,3,4,6
652,3,629,747,167,6,3,6
653,3,630,735,167,9,6,11
654,3,632,716,163,5,3,6
655,3,633,718,156,3,4,6
656,3,635,536,147,4,4,6
657,3,636,584,143,4,3,6
658,3,640,578,130,3,5,6
659,3,641,720,127,6,6,10
660,3,642,708,126,4,3,6
661,3,643,714,125,7,5,10
662,3,645,703,119,8,5,12
663,3,646,717,118,6,3,6
664,3,654,849,108,17,2,9
665,3,657,736,108,42,4,19
666,3,658,82,108,15,2,6
667,3,661,740,102,6,3,7
668,3,674,488,70,4,12,12
669,3,682,431,52,4,11,13
670,3,683,432,44,4,5,6
671,3,687,463,69,10,12,12
672,3,693,327,97,3,4,6
673,3,694,359,90,4,4,8
674,3,695,361,76,6,3,6
675,3,696,431,73,3,4,6
676,3,698,267,36,168,5,21
677,3,699,472,34,4,5,7
678,3,703,707,100,4,3,6
679,3,704,695,100,4,3,6
680,3,705,687,83,10,6,11
681,3,706,608,76,9,3,6
682,3,710,468,22,11,8,16
683,3,711,193,18,18,6,18
684,3,712,182,18,9,6,11
685,3,713,171,18,9,6,8
686,3,714,151,18,18,6,14
687,3,715,126,18,22,6,23
688,3,716,298,17,18,7,13
689,3,717,289,17,7,7,9
690,3,718,269,17,18,7,27
691,3,719,245,17,22,7,23
692,3,720,235,17,7,7,14
693,3,721,214,17,19,7,21
694,3,723,611,21,5,4,6
695,3,727,495,15,28,12,27
696,3,728,505,17,10,8,8
697,3,730,479,8,4,10,11
698,3,732,494,7,2,12,6
699,3,734,477,0,5,6,12
700,4,2,1082,410,9,9,18
701,4,12,46,336,19,2,12
702,4,13,991,335,4,3,6
703,4,15,1091,309,9,3,8
704,4,18,1018,308,6,3,6
705,4,20,1056,301,9,5,8
706,4,25,1089,277,5,6,8
707,4,30,995,265,3,40,23
708,4,33,66,235,3,28,11
709,4,35,989,229,2,32,18
710,4,36,76,229,2,51,10
711,4,38,260,227,16,2,6
712,4,61,65,202,4,30,16
713,4,66,989,196,2,18,9
714,4,67,328,196,4,7,9
715,4,68,1087,193,9,2,6
716,4,69,320,193,6,5,9
717,4,72,991,190,3,5,8
718,4,76,1084,186,5,6,10
719,4,87,320,180,3,8,9
720,4,93,778,166,4,3,7
721,4,97,762,164,9,8,20
722,4,98,766,164,3,4,6
723,4,109,768,151,4,2,6
724,4,116,335,211,5,5,7
725,4,117,344,186,5,11,7
726,4,118,335,170,10,5,12
727,4,119,344,169,4,4,6
728,4,120,343,163,4,4,8
729,4,131,65,132,3,21,8
730,4,133,739,129,6,11,19
731,4,136,506,128,5,14,11
732,4,137,489,128,3,5,7
733,4,142,771,124,6,5,9
734,4,153,477,118,15,5,11
735,4,154,384,118,32,4,24
736,4,159,493,117,12,13,23
737,4,160,417,117,18,6,23
738,4,162,763,115,5,3,6
739,4,166,580,689,4,3,7
740,4,171,609,676,4,6,8
741,4,177,444,658,5,3,6
742,4,178,399,657,18,3,6
743,4,179,434,656,7,3,6
744,4,180,447,655,9,3,6
745,4,181,432,653,9,4,7
746,4,182,311,607,5,4,7
747,4,183,275,581,5,3,6
748,4,184,282,580,7,4,9
749,4,186,503,512,4,4,6
750,4,188,279,503,4,4,6
751,4,190,536,500,5,7,11
752,4,191,245,487,4,3,6
753,4,193,239,479,3,4,6
754,4,194,799,472,4,3,6
755,4,195,803,471,6,4,8
756,4,196,799,470,4,3,6
757,4,200,520,509,3,8,7
758,4,202,831,451,10,5,12
759,4,204,303,439,10,3,6
760,4,205,295,438,10,3,6
761,4,206,748,437,5,4,7
762,4,207,711,437,8,3,6
763,4,208,707,437,4,3,6
764,4,209,686,437,21,4,13
765,4,210,676,437,10,3,6
766,4,217,300,647,8,8,20
767,4,223,321,627,3,5,6
768,4,227,307,612,3,8,11
769,4,228,287,606,18,14,21
770,4,233,240,532,16,32,16
771,4,237,218,452,22,9,18
772,4,239,242,412,3,4,6
773,4,240,843,406,5,3,6
774,4,243,261,398,4,4,6
775,4,244,255,396,6,3,6
776,4,246,818,395,11,7,15
777,4,248,831,391,7,4,8
778,4,249,823,391,9,4,9
779,4,251,254,384,6,5,8
780,4,252,255,379,9,6,11
781,4,253,259,376,4,3,6
782,4,254,300,375,5,4,7
783,4,255,814,374,3,4,6
784,4,259,335,373,18,5,8
785,4,261,263,373,4,4,6
786,4,263,369,371,6,3,6
787,4,264,351,371,10,4,8
788,4,265,359,365,3,4,6
789,4,266,335,365,18,5,12
790,4,267,571,364,6,5,10
791,4,269,702,361,5,5,6
792,4,270,537,361,16,6,14
793,4,271,706,359,8,11,11
794,4,272,531,359,4,3,6
795,4,274,760,356,4,3,6
796,4,276,751,354,10,6,15
797,4,280,722,347,4,3,6
798,4,282,439,347,4,4,6
799,4,283,484,345,5,3,6
800,4,289,593,341,4,3,6
801,4,291,728,327,4,3,6
802,4,292,674,327,4,3,6
803,4,294,590,315,3,6,6
804,4,296,673,307,4,5,7
805,4,298,674,304,3,4,6
806,4,299,500,298,4,3,6
807,4,300,496,298,4,3,6
808,4,301,676,297,3,4,6
809,4,302,543,295,18,4,7
810,4,303,735,294,10,3,6
811,4,306,495,293,18,5,8
812,4,309,687,290,4,3,6
813,4,311,335,283,18,3,6
814,4,312,791,280,4,4,6
815,4,314,636,272,4,3,6
816,4,315,635,270,4,3,6
817,4,316,806,267,3,4,6
818,4,317,285,267,4,4,6
819,4,320,810,261,5,3,6
820,4,323,809,249,8,4,7
821,4,324,290,244,4,3,6
822,4,325,823,241,5,3,6
823,4,326,483,237,4,3,6
824,4,333,920,424,3,6,8
825,4,338,902,386,10,5,14
826,4,344,876,376,12,6,17
827,4,345,904,373,10,14,26
828,4,348,686,331,10,2,6
829,4,351,754,325,5,15,16
830,4,362,752,301,8,5,8
831,4,372,816,276,8,7,18
832,4,387,736,653,33,8,29
833,4,392,768,636,4,8,14
834,4,398,762,619,4,7,14
835,4,409,905,608,4,14,12
836,4,411,862,615,12,8,22
837,4,414,895,607,4,3,6
838,4,417,840,611,10,10,14
839,4,418,841,601,9,8,14
840,4,433,816,554,3,5,6
841,4,435,808,552,6,5,14
842,4,436,812,551,9,2,9
843,4,440,768,542,32,18,25
844,4,441,783,551,10,3,6
845,4,445,663,659,10,3,6
846,4,446,623,656,10,3,6
847,4,447,575,650,18,7,11
848,4,449,743,612,10,17,18
849,4,450,776,608,11,10,16
850,4,451,752,608,4,4,8
851,4,455,767,602,3,4,6
852,4,456,771,601,5,7,8
853,4,457,768,600,4,4,8
854,4,464,858,517,8,11,21
855,4,470,879,509,9,2,8
856,4,473,547,501,7,3,9
857,4,474,559,499,20,4,19
858,4,479,821,499,4,8,7
859,4,482,832,478,9,5,12
860,4,484,645,354,5,6,7
861,4,485,607,327,4,7,10
862,4,490,628,295,5,5,6
863,4,491,623,294,4,8,10
864,4,492,613,292,7,7,15
865,4,498,201,407,5,3,8
866,4,499,197,406,4,4,10
867,4,504,228,389,12,7,15
868,4,512,555,348,5,4,6
869,4,517,584,343,5,3,7
870,4,523,256,334,8,3,10
871,4,525,359,333,8,3,8
872,4,526,246,333,9,3,8
873,4,528,368,332,16,5,14
874,4,532,366,325,23,8,27
875,4,535,560,323,16,9,12
876,4,536,432,323,64,11,30
877,4,545,427,313,5,2,6
878,4,552,416,308,14,4,17
879,4,554,401,308,4,5,10
880,4,555,541,305,14,5,17
881,4,562,555,303,13,7,11
882,4,563,270,303,9,2,6
883,4,567,368,298,2,4,6
884,4,568,376,296,23,6,17
885,4,576,281,284,7,16,26
886,4,577,276,271,6,5,14
887,4,582,276,261,4,4,8
888,4,587,271,242,6,4,7
889,4,588,747,229,7,3,6
890,4,594,673,225,5,3,6
891,4,596,333,225,4,3,6
892,4,597,327,225,5,3,6
893,4,598,663,224,5,3,6
894,4,599,639,223,6,4,7
895,4,600,627,223,13,4,9
896,4,601,534,223,94,5,15
897,4,603,743,218,10,3,6
898,4,604,751,217,6,3,6
899,4,605,735,217,5,4,7
900,4,607,781,215,4,3,6
901,4,608,777,215,4,3,6
902,4,614,747,167,6,3,6
903,4,615,735,167,9,6,11
904,4,617,716,163,5,3,6
905,4,618,718,156,3,4,6
906,4,619,557,147,4,3,6
907,4,620,553,147,4,3,6
908,4,622,535,146,10,5,10
909,4,624,583,139,3,4,6
910,4,626,729,133,4,3,6
911,4,630,720,127,6,6,10
912,4,631,708,126,4,3,6
913,4,632,714,125,7,5,10
914,4,634,703,119,8,5,12
915,4,635,717,118,6,3,6
916,4,643,849,108,17,2,8
917,4,646,736,108,42,4,19
918,4,647,82,108,15,2,6
919,4,651,740,102,6,3,7
920,4,669,431,51,4,12,15
921,4,670,432,44,3,5,8
922,4,671,485,43,11,12,24
923,4,673,464,69,11,14,24
924,4,679,327,97,3,4,6
925,4,680,359,90,4,4,8
926,4,681,361,76,6,3,6
927,4,683,267,36,168,5,23
928,4,684,467,34,4,6,7
929,4,688,707,100,4,3,6
930,4,689,695,100,4,3,6
931,4,690,687,83,10,6,11
932,4,694,463,21,11,9,22
933,4,695,126,19,22,5,23
934,4,696,193,18,18,6,18
935,4,697,182,18,9,6,11
936,4,698,171,18,9,6,8
937,4,699,151,18,18,6,14
938,4,700,298,17,18,7,13
939,4,701,289,17,7,7,9
940,4,702,269,17,18,7,27
941,4,703,245,17,22,7,23
942,4,704,235,17,7,7,14
943,4,705,214,17,19,7,21
944,4,707,611,21,5,4,6
945,4,711,498,15,25,12,20
946,4,712,505,17,10,8,8
947,4,714,475,11,3,6,9
948,4,717,493,4,2,23,6
949,4,719,475,0,5,6,6
950,5,2,1084,407,8,11,15
951,5,12,46,336,19,2,12
952,5,13,991,335,4,3,6
953,5,15,1091,309,9,3,8
954,5,18,1018,308,6,3,6
955,5,20,1056,301,9,5,8
956,5,25,1089,277,5,6,8
957,5,30,995,265,3,40,23
958,5,33,66,235,3,28,11
959,5,35,989,229,2,32,18
960,5,36,76,229,2,51,10
961,5,38,260,227,16,2,6
962,5,60,65,202,4,30,16
963,5,66,989,196,2,18,9
964,5,67,1087,193,9,2,6
965,5,71,991,190,3,5,8
966,5,75,1084,186,5,6,10
967,5,85,320,180,3,8,9
968,5,94,762,164,7,8,17
969,5,95,327,164,4,8,14
970,5,106,768,151,4,2,6
971,5,115,335,211,5,5,7
972,5,116,344,186,5,11,7
973,5,117,344,169,4,4,6
974,5,118,343,162,4,4,6
975,5,128,65,132,3,21,8
976,5,130,739,129,6,11,19
977,5,133,489,128,3,5,7
978,5,138,771,124,6,5,9
979,5,144,510,119,5,4,7
980,5,145,506,119,5,23,15
981,5,154,763,115,5,3,6
982,5,158,580,689,4,3,7
983,5,163,609,676,4,6,8
984,5,169,444,658,5,3,6
985,5,170,399,657,18,3,6
986,5,171,434,656,7,3,6
987,5,172,432,653,9,4,7
988,5,173,341,630,4,3,6
989,5,174,311,607,5,4,7
990,5,175,275,581,5,3,6
991,5,176,282,580,7,4,9
992,5,178,502,511,3,6,6
993,5,181,279,503,4,4,6
994,5,183,536,499,5,6,8
995,5,184,763,488,4,3,6
996,5,186,245,487,4,3,6
997,5,189,239,479,3,4,6
998,5,190,799,472,4,3,6
999,5,191,803,471,6,4,8
1000,5,192,799,470,4,3,6
1001,5,201,831,451,10,5,12
1002,5,203,303,439,10,3,6
1003,5,204,295,438,10,3,6
1004,5,205,748,437,5,4,7
1005,5,206,687,437,19,4,14
1006,5,211,376,659,7,3,7
1007,5,214,300,647,8,8,20
1008,5,219,321,627,3,5,6
1009,5,223,307,612,3,8,11
1010,5,224,287,606,18,14,21
1011,5,230,240,532,16,32,16
1012,5,234,218,452,22,9,18
1013,5,236,242,412,3,4,6
1014,5,237,843,406,5,3,6
1015,5,241,261,398,4,4,6
1016,5,242,255,396,6,3,6
1017,5,243,252,396,4,5,8
1018,5,244,818,395,11,7,15
1019,5,245,841,391,4,3,6
1020,5,246,831,391,7,4,8
1021,5,247,823,391,9,4,9
1022,5,249,254,384,6,5,8
1023,5,250,840,383,6,5,8
1024,5,251,255,379,9,6,11
1025,5,252,259,376,4,3,6
1026,5,253,300,375,5,4,7
1027,5,254,814,374,3,4,6
1028,5,259,263,373,4,4,6
1029,5,261,369,371,6,3,6
1030,5,262,351,371,10,4,8
1031,5,263,359,365,3,4,6
1032,5,264,335,365,18,5,12
1033,5,265,571,364,6,5,10
1034,5,266,551,363,10,6,8
1035,5,271,708,359,9,11,17
1036,5,272,704,359,5,7,10
1037,5,273,531,359,4,3,6
1038,5,274,759,354,7,6,11
1039,5,275,721,354,6,6,8
1040,5,276,591,353,6,4,7
1041,5,281,439,347,4,4,6
1042,5,282,484,345,5,3,6
1043,5,283,608,340,3,4,6
1044,5,286,596,316,3,4,6
1045,5,287,677,308,3,4,6
1046,5,290,500,298,4,3,6
1047,5,291,496,298,4,3,6
1048,5,292,549,297,4,4,8
1049,5,293,544,295,7,3,6
1050,5,294,495,293,18,5,8
1051,5,298,335,283,18,3,6
1052,5,299,791,280,4,4,6
1053,5,301,642,268,4,5,8
1054,5,302,806,267,3,4,6
1055,5,303,285,267,4,4,6
1056,5,306,810,261,5,3,6
1057,5,309,809,249,8,4,7
1058,5,310,290,244,4,3,6
1059,5,311,823,241,5,3,6
1060,5,312,483,237,4,3,6
1061,5,319,920,424,3,6,8
1062,5,323,902,386,10,5,14
1063,5,327,876,376,12,6,17
1064,5,328,904,373,10,14,26
1065,5,335,719,343,3,5,7
1066,5,341,722,323,8,21,31
1067,5,344,725,332,4,3,6
1068,5,346,710,323,10,5,12
1069,5,350,728,312,8,10,21
1070,5,368,816,276,8,7,18
1071,5,383,736,653,33,8,29
1072,5,388,768,636,4,8,14
1073,5,395,762,619,4,8,14
1074,5,408,911,613,3,4,6
1075,5,409,905,608,5,15,14
1076,5,412,862,615,12,8,22
1077,5,416,895,607,4,3,6
1078,5,419,840,611,10,10,14
1079,5,420,841,601,9,8,14
1080,5,427,799,573,22,23,31
1081,5,437,816,554,3,5,6
1082,5,442,768,548,43,8,17
1083,5,446,760,542,6,2,7
1084,5,452,663,659,10,3,6
1085,5,453,623,656,10,3,6
1086,5,454,575,650,18,7,11
1087,5,455,743,612,10,17,18
1088,5,456,776,610,12,8,17
1089,5,457,780,609,4,3,6
1090,5,459,752,607,4,5,6
1091,5,460,755,605,4,5,6
1092,5,461,772,602,4,5,8
1093,5,462,768,600,5,6,9
1094,5,465,725,570,4,4,6
1095,5,467,573,533,12,3,6
1096,5,471,858,517,8,11,22
1097,5,482,545,500,15,3,7
1098,5,490,640,482,13,26,25
1099,5,493,832,478,9,5,12
1100,5,498,650,354,3,4,7
1101,5,500,623,314,3,5,7
1102,5,501,633,307,3,5,6
1103,5,502,628,305,3,5,8
1104,5,504,632,293,5,5,8
1105,5,505,628,292,3,8,7
1106,5,506,618,290,7,7,13
1107,5,512,201,407,5,3,8
1108,5,513,197,406,4,4,10
1109,5,518,228,389,12,7,15
1110,5,525,555,348,5,4,6
1111,5,534,256,334,8,3,10
1112,5,536,359,333,8,3,8
1113,5,537,246,333,9,3,8
1114,5,539,368,332,16,5,14
1115,5,542,366,325,23,8,26
1116,5,545,432,323,64,11,29
1117,5,554,427,313,5,2,6
1118,5,562,416,308,14,4,17
1119,5,564,401,308,4,5,10
1120,5,565,541,305,9,7,18
1121,5,572,270,303,9,2,6
1122,5,575,384,298,15,4,9
1123,5,578,374,293,10,4,12
1124,5,585,281,284,7,16,26
1125,5,586,276,271,6,5,14
1126,5,591,276,261,4,4,8
1127,5,596,271,242,6,4,8
1128,5,597,747,229,6,3,6
1129,5,603,672,225,5,3,6
1130,5,604,662,225,4,3,6
1131,5,605,333,225,4,3,6
1132,5,606,327,225,5,3,6
1133,5,607,627,223,18,4,12
1134,5,608,534,223,94,5,14
1135,5,610,743,218,10,3,6
1136,5,611,751,217,5,3,6
1137,5,612,735,217,5,4,7
1138,5,614,781,215,4,3,6
1139,5,615,777,215,4,3,6
1140,5,621,747,167,6,3,6
1141,5,622,735,167,9,6,11
1142,5,624,716,163,5,3,6
1143,5,625,718,156,3,4,6
1144,5,627,535,145,9,3,6
1145,5,628,583,140,3,4,6
1146,5,632,578,130,3,5,6
1147,5,633,720,127,6,6,10
1148,5,634,708,126,4,3,6
1149,5,635,714,125,7,5,10
1150,5,637,563,121,3,4,6
1151,5,638,703,119,8,5,12
1152,5,639,549,119,4,4,6
1153,5,640,717,118,6,3,6
1154,5,648,849,108,17,2,8
1155,5,651,736,108,42,4,19
1156,5,652,82,108,15,2,6
1157,5,656,740,102,6,3,7
1158,5,672,485,51,7,4,11
1159,5,673,430,51,4,13,12
1160,5,676,463,68,8,13,16
1161,5,677,457,53,3,4,6
1162,5,678,455,48,16,19,27
1163,5,686,327,97,3,4,6
1164,5,687,359,90,4,4,8
1165,5,689,361,76,6,3,6
1166,5,691,267,36,167,6,24
1167,5,692,462,33,5,7,11
1168,5,696,695,100,4,3,6
1169,5,697,703,89,10,3,6
1170,5,698,687,83,10,6,11
1171,5,699,495,69,27,41,31
1172,5,700,493,40,29,27,22
1173,5,702,458,19,11,9,17
1174,5,703,126,19,22,5,23
1175,5,704,193,18,18,6,18
1176,5,705,182,18,9,6,11
1177,5,706,171,18,9,6,8
1178,5,707,151,18,18,6,14
1179,5,708,298,17,18,7,13
1180,5,709,289,17,7,7,9
1181,5,710,269,17,18,7,27
1182,5,711,245,17,22,7,23
1183,5,712,235,17,7,7,14
1184,5,713,214,17,19,7,21
1185,5,715,611,21,5,4,6
1186,5,719,498,15,25,12,20
1187,5,720,505,17,10,8,8
1188,5,725,492,3,3,24,9
1189,5,727,473,0,4,11,11
1190,6,2,1084,407,8,11,15
1191,6,13,46,336,19,3,13
1192,6,14,991,335,4,3,6
1193,6,16,1091,309,9,3,8
1194,6,19,1018,308,6,3,6
1195,6,21,1056,301,9,5,8
1196,6,26,1089,277,5,6,8
1197,6,31,995,265,3,40,23
1198,6,34,66,235,3,28,11
1199,6,36,989,229,2,32,18
1200,6,37,76,229,2,51,10
1201,6,39,258,227,19,2,6
1202,6,64,65,202,4,30,17
1203,6,71,989,196,2,18,9
1204,6,73,1087,193,9,2,6
1205,6,75,991,190,3,5,8
1206,6,80,1084,186,5,6,10
1207,6,91,320,180,3,8,9
1208,6,98,762,164,6,8,15
1209,6,99,327,164,4,8,14
1210,6,111,768,151,4,2,6
1211,6,121,335,211,5,5,7
1212,6,122,344,186,5,11,7
1213,6,123,344,169,4,4,6
1214,6,133,65,132,3,21,8
1215,6,135,739,129,6,11,19
1216,6,139,489,128,3,5,7
1217,6,144,771,124,6,5,9
1218,6,150,510,119,6,4,9
1219,6,151,506,119,5,23,15
1220,6,155,367,118,7,2,6
1221,6,160,763,115,5,3,6
1222,6,164,580,689,4,3,7
1223,6,170,609,676,4,6,8
1224,6,176,435,658,4,3,6
1225,6,178,399,657,18,3,6
1226,6,180,434,652,7,4,6
1227,6,181,311,607,5,4,7
1228,6,182,275,581,5,3,6
1229,6,183,282,580,7,4,9
1230,6,185,502,511,3,6,6
1231,6,188,279,503,4,4,6
1232,6,189,537,497,3,4,6
1233,6,190,763,488,4,3,6
1234,6,192,245,487,4,3,6
1235,6,193,757,486,4,3,6
1236,6,194,239,479,3,4,6
1237,6,195,799,472,4,3,6
1238,6,196,803,471,6,4,8
1239,6,197,799,470,4,3,6
1240,6,206,831,451,10,5,12
1241,6,208,303,439,10,3,6
1242,6,209,295,438,10,3,6
1243,6,210,747,437,6,4,9
1244,6,211,687,437,19,4,11
1245,6,216,376,659,7,3,7
1246,6,218,301,647,7,6,17
1247,6,224,321,627,3,5,6
1248,6,227,307,612,3,8,11
1249,6,228,287,606,18,14,21
1250,6,234,240,532,16,32,16
1251,6,238,218,452,22,9,18
1252,6,240,242,412,3,4,6
1253,6,241,843,406,5,3,6
1254,6,245,261,398,4,4,6
1255,6,246,255,396,6,3,6
1256,6,247,252,396,4,5,8
1257,6,248,818,395,11,7,15
1258,6,250,831,391,7,4,8
1259,6,251,823,391,9,4,9
1260,6,253,254,384,6,5,8
1261,6,255,840,383,5,5,8
1262,6,256,255,379,9,6,11
1263,6,257,798,376,3,4,6
1264,6,258,259,376,4,3,6
1265,6,259,300,375,5,4,7
1266,6,260,814,374,3,4,6
1267,6,268,369,371,6,3,6
1268,6,269,351,371,10,4,8
1269,6,270,287,371,18,4,12
1270,6,271,359,365,3,4,6
1271,6,272,333,365,6,3,6
1272,6,273,571,364,6,5,10
1273,6,276,537,361,16,6,14
1274,6,277,708,359,9,10,16
1275,6,278,704,359,5,7,12
1276,6,280,531,359,4,3,6
1277,6,281,721,354,6,6,8
1278,6,282,591,353,6,4,7
1279,6,286,484,345,5,3,6
1280,6,287,608,340,3,4,6
1281,6,292,599,308,3,5,6
1282,6,293,677,307,3,4,6
1283,6,294,679,304,3,4,6
1284,6,296,500,298,4,3,6
1285,6,297,496,298,4,3,6
1286,6,298,549,297,4,4,8
1287,6,300,544,294,7,4,7
1288,6,301,495,293,18,5,8
1289,6,306,335,283,18,3,6
1290,6,307,791,280,4,4,6
1291,6,309,642,268,4,5,8
1292,6,310,806,267,3,4,6
1293,6,311,285,267,4,4,6
1294,6,314,810,261,5,3,6
1295,6,317,809,249,8,4,7
1296,6,318,290,244,4,3,6
1297,6,320,483,237,4,3,6
1298,6,327,920,424,3,6,8
1299,6,331,902,386,10,5,14
1300,6,335,876,376,12,6,17
1301,6,336,904,373,10,14,26
1302,6,348,710,325,5,3,8
1303,6,351,726,331,3,5,6
1304,6,358,728,312,8,10,21
1305,6,359,685,312,3,5,8
1306,6,378,816,276,8,7,18
1307,6,394,736,653,33,8,29
1308,6,402,768,636,4,8,14
1309,6,411,762,619,4,8,14
1310,6,425,862,615,12,8,22
1311,6,428,895,607,4,3,6
1312,6,430,833,596,23,28,31
1313,6,431,840,611,10,10,14
1314,6,432,841,601,9,8,14
1315,6,438,822,576,2,4,6
1316,6,449,816,554,3,5,6
1317,6,459,663,659,10,3,6
1318,6,460,623,656,10,3,6
1319,6,461,575,650,18,7,11
1320,6,462,743,612,10,17,18
1321,6,463,776,610,12,8,17
1322,6,464,780,609,4,3,6
1323,6,465,752,608,4,4,8
1324,6,467,772,602,4,5,8
1325,6,468,768,600,5,6,9
1326,6,471,783,547,18,4,8
1327,6,472,573,533,12,3,6
1328,6,476,858,517,8,11,22
1329,6,487,545,500,15,3,7
1330,6,494,640,482,13,26,25
1331,6,497,832,478,9,5,12
1332,6,502,650,354,3,4,7
1333,6,504,623,314,3,5,7
1334,6,505,633,307,3,5,6
1335,6,506,628,305,3,5,8
1336,6,508,632,293,5,5,8
1337,6,509,628,292,3,8,7
1338,6,510,618,290,7,7,13
1339,6,516,201,407,5,3,8
1340,6,517,197,406,4,4,10
1341,6,522,228,389,12,7,15
1342,6,528,555,348,5,4,6
1343,6,537,256,334,8,3,10
1344,6,539,359,333,8,3,8
1345,6,540,246,333,9,3,8
1346,6,542,368,332,16,5,14
1347,6,545,366,325,23,8,26
1348,6,548,432,323,64,11,30
1349,6,557,427,313,5,2,6
1350,6,566,416,308,14,4,17
1351,6,568,401,308,4,5,10
1352,6,569,541,305,9,7,18
1353,6,576,270,303,9,2,6
1354,6,580,374,293,10,4,12
1355,6,586,281,284,7,15,25
1356,6,587,276,271,6,5,14
1357,6,592,276,261,4,4,8
1358,6,598,747,229,6,3,6
1359,6,602,671,225,6,3,6
1360,6,604,534,223,111,5,23
1361,6,606,743,218,10,3,6
1362,6,607,751,217,5,3,6
1363,6,608,735,217,5,4,7
1364,6,614,747,167,6,3,6
1365,6,615,735,167,9,6,11
1366,6,617,716,163,5,3,6
1367,6,619,718,156,3,4,6
1368,6,620,557,146,4,3,6
1369,6,621,562,145,5,3,6
1370,6,625,719,132,3,4,6
1371,6,627,577,130,4,4,8
1372,6,628,720,127,5,5,9
1373,6,629,708,126,4,3,6
1374,6,630,714,125,7,5,10
1375,6,634,703,119,8,5,12
1376,6,635,549,119,5,4,7
1377,6,636,717,118,6,3,6
1378,6,644,849,108,17,2,9
1379,6,647,736,108,42,4,19
1380,6,648,82,108,15,2,6
1381,6,652,740,102,6,3,7
1382,6,671,485,51,7,4,11
1383,6,672,430,50,4,14,13
1384,6,675,463,68,8,13,16
1385,6,676,457,53,3,4,6
1386,6,677,455,47,16,20,30
1387,6,685,327,97,3,4,6
1388,6,686,359,90,4,4,8
1389,6,688,361,76,6,3,6
1390,6,692,695,100,4,3,6
1391,6,693,687,83,10,6,11
1392,6,694,495,69,27,41,29
1393,6,695,493,40,29,27,22
1394,6,697,267,36,167,6,24
1395,6,698,462,33,5,7,11
1396,6,700,494,28,4,7,12
1397,6,701,458,19,11,9,18
1398,6,702,193,18,18,6,18
1399,6,703,182,18,9,6,11
1400,6,704,171,18,9,6,8
1401,6,705,151,18,18,6,14
1402,6,706,126,18,22,6,25
1403,6,707,298,17,18,7,13
1404,6,708,289,17,7,7,9
1405,6,709,269,17,18,7,27
1406,6,710,245,17,22,7,23
1407,6,711,235,17,7,7,14
1408,6,712,214,17,19,7,21
1409,6,714,611,21,5,4,6
1410,6,715,578,21,5,3,6
1411,6,718,498,15,25,12,20
1412,6,719,505,17,10,8,8
1413,6,724,492,3,3,24,9
1414,6,726,473,0,4,11,11
1415,7,2,1085,406,8,12,12
1416,7,13,46,336,19,3,13
1417,7,14,991,335,4,3,6
1418,7,16,1091,309,9,3,8
1419,7,19,1018,308,6,3,6
1420,7,21,1056,301,9,5,8
1421,7,26,1089,277,5,6,8
1422,7,31,995,265,3,40,23
1423,7,34,66,235,3,28,11
1424,7,36,989,229,2,32,18
1425,7,37,76,229,2,51,10
1426,7,39,258,227,16,2,6
1427,7,64,65,202,4,30,17
1428,7,70,989,196,2,18,9
1429,7,71,1087,193,9,2,6
1430,7,75,991,190,3,5,8
1431,7,80,1084,186,5,6,10
1432,7,90,320,180,3,8,9
1433,7,98,762,164,6,8,15
1434,7,99,327,162,3,10,15
1435,7,121,335,211,5,5,7
1436,7,122,344,186,5,11,7
1437,7,123,344,169,4,4,6
1438,7,124,342,154,3,4,6
1439,7,134,65,132,3,21,8
1440,7,135,506,131,4,10,9
1441,7,137,739,129,6,11,19
1442,7,140,489,128,3,6,9
1443,7,146,771,124,6,5,9
1444,7,157,507,118,6,9,10
1445,7,159,385,118,10,3,8
1446,7,166,763,115,5,3,6
1447,7,176,609,676,4,6,8
1448,7,182,399,657,18,3,6
1449,7,183,433,653,4,3,6
1450,7,184,311,607,5,4,7
1451,7,185,275,581,5,3,6
1452,7,186,282,580,7,4,9
1453,7,188,509,511,4,3,6
1454,7,191,279,503,4,4,6
1455,7,192,536,499,4,6,8
1456,7,195,239,479,3,4,6
1457,7,199,803,471,5,4,8
1458,7,200,809,470,4,3,6
1459,7,205,514,511,3,5,7
1460,7,206,520,510,2,6,6
1461,7,208,836,452,4,4,6
1462,7,209,832,452,4,4,6
1463,7,211,303,439,10,3,6
1464,7,212,295,438,10,3,6
1465,7,213,747,437,6,4,9
1466,7,214,704,437,8,3,6
1467,7,215,701,437,4,3,6
1468,7,216,695,437,7,3,6
1469,7,221,376,659,7,3,7
1470,7,224,301,647,7,6,17
1471,7,229,321,627,3,5,6
1472,7,232,308,612,3,7,7
1473,7,233,287,606,17,14,19
1474,7,239,240,532,16,32,16
1475,7,244,218,452,22,8,16
1476,7,246,242,412,3,4,6
1477,7,247,844,406,4,3,6
1478,7,251,261,398,4,4,8
1479,7,252,256,396,6,3,6
1480,7,253,252,396,4,5,8
1481,7,254,818,395,11,7,15
1482,7,257,831,391,7,4,8
1483,7,258,823,391,9,4,9
1484,7,260,255,391,4,4,6
1485,7,261,261,388,4,3,6
1486,7,262,254,384,6,6,10
1487,7,263,255,379,9,6,11
1488,7,264,798,376,3,4,6
1489,7,265,259,376,4,3,6
1490,7,267,300,375,13,4,8
1491,7,272,369,371,6,3,6
1492,7,273,351,371,10,4,8
1493,7,274,287,371,9,4,8
1494,7,275,359,365,3,4,6
1495,7,276,335,365,18,5,12
1496,7,277,333,365,4,3,6
1497,7,278,741,363,4,3,6
1498,7,279,727,363,9,4,10
1499,7,280,551,363,26,7,15
1500,7,281,537,362,8,5,10
1501,7,282,706,361,4,5,8
1502,7,283,544,361,9,4,10
1503,7,284,710,359,8,11,14
1504,7,285,704,359,4,4,6
1505,7,287,531,359,4,3,6
1506,7,289,591,355,10,7,12
1507,7,290,748,354,6,4,6
1508,7,292,721,351,6,4,6
1509,7,294,607,346,4,3,6
1510,7,295,484,345,5,3,6
1511,7,296,612,343,9,9,19
1512,7,299,615,334,4,3,6
1513,7,302,599,315,5,4,8
1514,7,303,593,304,4,3,6
1515,7,305,591,301,10,4,9
1516,7,306,738,297,4,3,6
1517,7,307,549,297,4,4,8
1518,7,308,748,295,4,4,6
1519,7,311,544,294,7,4,7
1520,7,312,495,293,18,5,8
1521,7,313,474,293,4,3,6
1522,7,314,738,292,4,3,6
1523,7,317,335,283,18,3,6
1524,7,318,791,280,4,4,6
1525,7,320,806,267,3,4,6
1526,7,321,285,267,4,4,6
1527,7,324,810,261,5,3,6
1528,7,327,809,249,8,4,7
1529,7,328,290,244,4,3,6
1530,7,330,482,237,5,3,6
1531,7,337,920,424,3,6,8
1532,7,341,902,386,10,5,14
1533,7,348,876,376,12,6,17
1534,7,349,904,373,10,14,26
1535,7,365,752,330,4,8,7
1536,7,385,752,304,4,14,9
1537,7,394,703,296,4,3,7
1538,7,400,816,277,7,6,13
1539,7,413,740,653,28,7,22
1540,7,418,768,635,7,8,16
1541,7,426,763,620,3,7,10
1542,7,430,928,614,3,8,10
1543,7,440,862,615,12,8,20
1544,7,443,895,607,4,3,6
1545,7,446,840,611,10,10,14
1546,7,447,841,601,9,8,14
1547,7,453,822,576,2,4,6
1548,7,475,663,659,10,3,6
1549,7,476,623,656,10,3,6
1550,7,477,575,650,18,7,11
1551,7,479,751,612,9,9,17
1552,7,480,743,612,10,17,18
1553,7,481,776,610,11,8,18
1554,7,482,780,609,4,3,6
1555,7,483,752,608,4,5,7
1556,7,486,772,601,4,7,6
1557,7,487,768,600,4,6,9
1558,7,490,725,570,4,4,6
1559,7,491,759,558,6,3,6
1560,7,494,858,517,10,11,19
1561,7,502,559,496,23,5,12
1562,7,509,832,478,9,4,13
1563,7,520,201,407,5,3,8
1564,7,521,197,406,4,4,10
1565,7,526,228,389,12,7,15
1566,7,535,664,348,5,10,14
1567,7,536,555,348,5,4,6
1568,7,543,480,337,9,3,7
1569,7,545,610,334,3,3,6
1570,7,547,359,333,8,3,8
1571,7,548,246,333,18,4,15
1572,7,550,368,332,16,5,14
1573,7,559,576,321,7,3,7
1574,7,566,427,313,5,2,6
1575,7,568,627,310,4,5,7
1576,7,573,416,308,14,4,17
1577,7,575,400,308,6,5,13
1578,7,576,546,305,4,3,6
1579,7,583,637,304,3,5,7
1580,7,584,270,303,9,2,6
1581,7,585,632,302,3,5,8
1582,7,591,374,293,10,4,12
1583,7,595,637,290,5,5,9
1584,7,596,632,289,4,7,6
1585,7,597,623,287,6,6,10
1586,7,599,281,284,7,16,26
1587,7,601,276,271,6,5,14
1588,7,606,276,261,4,4,8
1589,7,609,271,242,5,4,7
1590,7,610,747,229,6,3,6
1591,7,617,534,223,111,5,23
1592,7,618,785,218,4,3,6
1593,7,619,743,218,10,3,6
1594,7,620,751,217,5,3,6
1595,7,621,735,217,5,4,7
1596,7,622,783,215,3,4,6
1597,7,625,747,167,6,3,6
1598,7,626,735,167,9,6,11
1599,7,628,716,163,5,3,6
1600,7,629,718,156,3,4,6
1601,7,630,539,145,4,3,6
1602,7,632,700,137,3,4,6
1603,7,633,729,133,4,3,6
1604,7,636,577,130,4,4,8
1605,7,637,720,127,6,6,10
1606,7,638,708,126,4,3,6
1607,7,639,714,125,7,5,10
1608,7,641,576,124,4,5,8
1609,7,645,703,119,8,5,12
1610,7,646,717,118,6,3,6
1611,7,655,849,108,17,2,8
1612,7,658,736,108,42,4,19
1613,7,659,82,108,15,2,6
1614,7,662,740,102,7,3,11
1615,7,665,294,92,3,7,9
1616,7,681,430,51,4,12,18
1617,7,682,431,44,2,5,6
1618,7,685,461,67,9,7,14
1619,7,693,327,97,3,4,6
1620,7,694,359,90,4,4,8
1621,7,695,361,76,6,3,6
1622,7,696,431,74,3,4,6
1623,7,698,267,37,166,4,20
1624,7,703,695,100,4,3,6
1625,7,704,687,83,10,6,11
1626,7,706,193,18,18,6,18
1627,7,707,182,18,9,6,11
1628,7,708,171,18,9,6,8
1629,7,709,151,18,18,6,14
1630,7,710,126,18,22,6,23
1631,7,711,298,17,18,7,13
1632,7,712,289,17,7,7,9
1633,7,713,269,17,18,7,25
1634,7,714,245,17,22,7,23
1635,7,715,235,17,7,7,14
1636,7,716,214,17,19,7,21
1637,7,717,454,16,10,10,16
1638,7,719,611,21,5,4,6
1639,7,720,578,21,5,3,6
1640,7,723,498,15,25,12,20
1641,7,724,505,17,10,8,8
1642,7,729,480,5,4,3,6
1643,7,731,491,4,3,23,12
1644,7,732,440,3,2,7,6
1645,8,2,1086,408,8,11,12
1646,8,13,46,336,19,3,13
1647,8,14,991,335,4,3,6
1648,8,16,1091,309,9,3,8
1649,8,19,1018,308,6,3,6
1650,8,21,1056,301,9,5,8
1651,8,26,1089,277,5,6,8
1652,8,31,995,265,3,40,22
1653,8,35,66,235,3,28,11
1654,8,37,989,229,2,32,18
1655,8,38,76,229,2,51,10
1656,8,40,258,227,16,2,6
1657,8,64,65,202,4,30,17
1658,8,70,989,196,2,18,9
1659,8,71,1087,193,9,2,6
1660,8,72,320,193,6,5,9
1661,8,74,991,190,3,5,8
1662,8,79,1084,186,5,6,10
1663,8,88,320,180,3,8,9
1664,8,96,762,164,6,8,15
1665,8,97,327,162,3,10,15
1666,8,119,335,211,5,5,7
1667,8,120,344,186,5,11,7
1668,8,121,344,169,4,4,6
1669,8,122,342,154,3,4,6
1670,8,133,65,132,3,21,8
1671,8,134,506,131,4,10,9
1672,8,136,739,129,6,11,19
1673,8,139,489,128,3,6,9
1674,8,145,771,124,6,5,9
1675,8,154,510,118,3,3,6
1676,8,155,507,118,2,9,6
1677,8,156,477,118,14,5,15
1678,8,164,763,115,5,3,6
1679,8,174,609,676,4,6,8
1680,8,180,399,657,18,3,6
1681,8,181,311,607,5,4,7
1682,8,182,275,581,5,3,6
1683,8,183,282,580,7,4,9
1684,8,186,279,503,4,4,6
1685,8,187,536,498,4,7,8
1686,8,188,739,488,4,4,6
1687,8,189,754,482,6,3,6
1688,8,191,239,479,3,4,6
1689,8,201,836,452,4,4,6
1690,8,202,832,452,4,4,6
1691,8,204,303,439,10,3,6
1692,8,205,301,438,4,3,6
1693,8,206,295,438,7,3,6
1694,8,223,919,619,3,3,6
1695,8,224,763,619,3,8,10
1696,8,227,928,614,3,8,10
1697,8,229,911,609,12,13,31
1698,8,231,920,610,3,4,6
1699,8,235,905,608,5,14,18
1700,8,239,862,615,12,8,20
1701,8,244,840,611,10,10,13
1702,8,245,842,601,8,8,15
1703,8,252,776,610,11,8,19
1704,8,253,780,609,4,3,6
1705,8,254,772,601,4,7,6
1706,8,255,768,600,5,6,11
1707,8,258,822,576,2,4,6
1708,8,259,799,573,22,23,29
1709,8,267,816,554,3,5,6
1710,8,281,663,659,10,3,6
1711,8,282,623,656,10,3,6
1712,8,283,575,650,18,7,11
1713,8,284,743,612,10,17,18
1714,8,285,752,606,7,15,16
1715,8,288,743,532,6,5,9
1716,8,289,602,531,6,4,7
1717,8,290,729,530,4,3,6
1718,8,291,733,529,4,4,6
1719,8,292,858,517,10,11,19
1720,8,299,568,495,23,3,11
1721,8,307,832,478,9,4,6
1722,8,311,747,437,6,4,9
1723,8,317,376,659,7,3,7
1724,8,320,301,647,7,6,17
1725,8,325,321,627,3,5,6
1726,8,328,308,612,3,7,7
1727,8,329,287,606,17,14,19
1728,8,335,240,532,16,32,16
1729,8,340,218,452,22,8,16
1730,8,342,242,412,3,4,6
1731,8,343,844,406,4,3,6
1732,8,346,261,398,4,4,8
1733,8,347,256,396,6,3,6
1734,8,349,818,395,11,7,15
1735,8,352,831,391,7,4,8
1736,8,353,823,391,9,4,9
1737,8,355,255,391,4,4,6
1738,8,356,261,388,4,3,6
1739,8,357,254,384,6,6,10
1740,8,358,255,379,9,6,11
1741,8,359,798,376,3,4,6
1742,8,360,259,376,4,3,6
1743,8,362,300,375,13,4,8
1744,8,367,369,371,6,3,6
1745,8,368,351,371,10,4,8
1746,8,369,559,369,4,3,6
1747,8,370,359,365,3,4,6
1748,8,371,335,365,18,5,12
1749,8,372,333,365,4,3,6
1750,8,373,715,364,3,4,6
1751,8,374,573,364,4,5,7
1752,8,375,568,364,6,6,10
1753,8,376,562,364,7,5,10
1754,8,377,719,363,18,4,8
1755,8,378,551,363,10,7,10
1756,8,379,537,361,16,6,14
1757,8,382,594,359,4,3,6
1758,8,384,531,359,4,3,6
1759,8,386,739,357,5,4,7
1760,8,388,743,354,11,6,12
1761,8,389,735,354,3,6,6
1762,8,390,711,353,4,3,6
1763,8,393,601,351,4,3,6
1764,8,395,725,350,4,3,6
1765,8,396,692,348,3,5,6
1766,8,397,726,347,4,4,6
1767,8,399,484,345,5,3,6
1768,8,401,616,327,4,3,6
1769,8,405,549,297,6,4,9
1770,8,406,544,294,7,4,7
1771,8,407,495,293,18,5,8
1772,8,408,746,292,4,3,6
1773,8,409,737,292,4,3,6
1774,8,413,600,287,4,3,6
1775,8,414,335,283,18,3,6
1776,8,415,791,280,4,4,6
1777,8,417,806,267,3,4,6
1778,8,418,285,267,4,4,6
1779,8,421,810,261,5,3,6
1780,8,424,809,249,8,4,7
1781,8,425,482,237,5,3,6
1782,8,432,920,424,3,6,8
1783,8,436,902,386,10,5,14
1784,8,443,876,376,12,6,17
1785,8,444,904,373,10,14,26
1786,8,454,720,334,3,6,8
1787,8,456,696,323,8,5,8
1788,8,466,721,329,3,4,6
1789,8,468,726,312,3,4,6
1790,8,478,750,298,6,18,18
1791,8,485,816,277,7,6,13
1792,8,503,201,407,5,3,8
1793,8,504,197,406,4,4,10
1794,8,509,228,389,12,7,15
1795,8,515,555,350,5,4,7
1796,8,525,480,338,9,2,7
1797,8,532,359,333,8,3,8
1798,8,533,245,333,19,4,15
1799,8,536,368,332,16,5,14
1800,8,546,576,321,7,3,7
1801,8,553,427,313,5,2,6
1802,8,559,416,308,14,4,17
1803,8,561,400,308,6,5,13
1804,8,562,546,305,4,3,6
1805,8,569,270,303,9,2,6
1806,8,573,374,293,10,4,12
1807,8,578,281,284,7,16,26
1808,8,580,276,271,6,5,14
1809,8,585,276,261,4,4,8
1810,8,588,271,242,5,4,7
1811,8,590,690,375,8,17,21
1812,8,591,668,345,11,22,31
1813,8,592,630,305,5,6,10
1814,8,593,641,299,3,5,7
1815,8,594,636,297,3,5,8
1816,8,598,636,284,10,8,18
1817,8,599,628,282,6,7,14
1818,8,600,747,229,6,3,6
1819,8,606,333,225,4,3,6
1820,8,607,327,225,5,3,6
1821,8,608,639,223,5,4,8
1822,8,609,743,218,10,3,6
1823,8,610,751,217,5,3,6
1824,8,611,735,217,5,4,7
1825,8,616,747,167,6,3,6
1826,8,617,735,167,9,6,11
1827,8,619,716,163,5,3,6
1828,8,620,718,156,3,4,6
1829,8,621,539,145,4,3,6
1830,8,623,700,137,3,4,6
1831,8,624,719,132,3,4,6
1832,8,626,577,130,4,4,8
1833,8,627,720,127,5,5,9
1834,8,628,708,126,4,3,6
1835,8,629,714,125,7,5,10
1836,8,630,575,125,4,4,6
1837,8,633,703,119,8,5,12
1838,8,634,717,118,6,3,6
1839,8,643,849,108,17,2,8
1840,8,646,736,108,42,4,22
1841,8,647,82,108,15,2,6
1842,8,651,740,102,6,3,9
1843,8,653,294,92,3,7,9
1844,8,669,430,44,4,20,19
1845,8,673,463,70,7,5,10
1846,8,674,468,69,4,4,6
1847,8,676,454,51,15,16,18
1848,8,683,327,97,3,4,6
1849,8,684,359,90,4,4,8
1850,8,685,361,76,6,3,6
1851,8,688,267,37,166,4,21
1852,8,690,452,31,4,4,7
1853,8,693,709,100,4,3,6
1854,8,694,695,100,4,3,6
1855,8,695,687,83,10,6,11
1856,8,696,493,69,29,41,28
1857,8,699,193,18,18,6,16
1858,8,700,182,18,9,6,11
1859,8,701,171,18,9,6,8
1860,8,702,151,18,18,6,14
1861,8,703,126,18,22,6,23
1862,8,704,298,17,18,7,13
1863,8,705,289,17,7,7,9
1864,8,706,269,17,18,7,27
1865,8,707,245,17,22,7,23
1866,8,708,235,17,7,7,14
1867,8,709,214,17,19,7,21
1868,8,711,611,21,5,4,6
1869,8,712,578,21,5,3,6
1870,8,715,498,15,25,12,20
1871,8,716,505,17,10,8,8
1872,8,717,490,15,4,13,9
1873,8,720,450,12,8,11,14
1874,8,726,478,5,5,3,6
1875,8,729,468,0,4,5,6
1876,9,2,1086,408,9,11,17
1877,9,13,46,336,19,3,13
1878,9,14,991,335,4,3,6
1879,9,16,1091,309,9,3,8
1880,9,19,1018,308,6,3,6
1881,9,21,1056,301,9,5,8
1882,9,26,1089,277,5,6,8
1883,9,31,995,265,3,40,22
1884,9,34,66,235,3,28,11
1885,9,36,989,229,2,32,18
1886,9,37,76,229,2,51,10
1887,9,39,258,227,16,2,6
1888,9,62,65,202,4,30,17
1889,9,69,989,196,2,18,9
1890,9,71,1087,193,9,2,6
1891,9,74,991,190,3,5,8
1892,9,79,1084,186,5,6,10
1893,9,87,320,180,3,8,7
1894,9,95,762,164,6,8,15
1895,9,96,327,164,3,8,8
1896,9,116,335,211,5,5,7
1897,9,117,344,186,5,11,7
1898,9,118,335,170,10,5,12
1899,9,119,344,169,4,4,6
1900,9,135,65,132,3,21,8
1901,9,137,739,129,6,11,19
1902,9,140,489,128,3,6,6
1903,9,147,771,124,6,5,9
1904,9,160,388,118,4,3,7
1905,9,165,477,117,27,12,27
1906,9,167,763,115,5,3,6
1907,9,177,609,676,4,6,8
1908,9,183,399,657,18,3,6
1909,9,184,463,651,10,3,6
1910,9,185,311,607,5,4,7
1911,9,186,275,581,5,3,6
1912,9,187,282,580,7,4,9
1913,9,190,279,503,4,4,6
1914,9,191,537,499,3,5,6
1915,9,193,239,479,3,4,6
1916,9,194,668,475,11,9,14
1917,9,202,836,452,4,4,6
1918,9,203,832,452,4,4,6
1919,9,205,303,439,10,3,6
1920,9,206,301,438,4,3,6
1921,9,207,295,438,7,3,6
1922,9,208,747,437,6,4,9
1923,9,209,705,437,6,4,9
1924,9,214,376,659,7,3,7
1925,9,217,301,647,7,6,17
1926,9,221,321,627,3,5,6
1927,9,224,308,612,3,8,6
1928,9,225,287,606,17,14,19
1929,9,235,239,532,17,32,19
1930,9,240,218,452,22,8,16
1931,9,242,242,412,3,4,6
1932,9,243,844,406,4,3,6
1933,9,246,261,398,4,4,8
1934,9,247,256,396,6,3,6
1935,9,249,818,395,11,7,15
1936,9,252,831,391,7,4,8
1937,9,253,823,391,9,4,9
1938,9,255,255,391,4,4,6
1939,9,257,261,388,4,3,6
1940,9,258,254,384,6,6,10
1941,9,260,840,383,5,5,8
1942,9,261,255,379,9,6,11
1943,9,262,798,376,3,4,6
1944,9,263,259,376,4,3,6
1945,9,266,301,374,4,3,6
1946,9,268,293,373,4,3,6
1947,9,271,369,371,6,3,6
1948,9,272,351,371,10,4,8
1949,9,273,293,370,4,3,6
1950,9,274,559,369,4,3,6
1951,9,275,730,367,5,3,6
1952,9,276,359,365,3,4,6
1953,9,277,335,365,18,5,12
1954,9,278,333,365,4,3,6
1955,9,279,623,364,3,4,6
1956,9,280,573,364,4,5,7
1957,9,281,568,364,6,5,9
1958,9,282,562,364,7,5,10
1959,9,283,624,360,3,5,6
1960,9,289,739,357,4,3,6
1961,9,291,745,356,6,3,6
1962,9,293,719,355,18,12,21
1963,9,297,601,351,4,3,6
1964,9,300,723,348,4,5,8
1965,9,302,484,345,5,3,6
1966,9,303,720,333,5,4,6
1967,9,306,742,328,3,4,6
1968,9,309,735,319,3,4,6
1969,9,316,720,313,3,4,6
1970,9,317,721,311,3,4,6
1971,9,320,608,299,5,3,6
1972,9,321,728,297,4,4,6
1973,9,322,549,297,4,4,8
1974,9,325,544,294,7,4,7
1975,9,326,495,293,18,5,8
1976,9,327,474,293,4,3,6
1977,9,328,750,292,11,7,13
1978,9,332,335,283,18,3,6
1979,9,333,791,280,4,4,6
1980,9,335,285,267,4,4,6
1981,9,341,809,249,8,4,7
1982,9,342,482,237,5,3,6
1983,9,350,920,424,3,6,8
1984,9,354,902,386,10,5,14
1985,9,358,876,376,12,6,17
1986,9,359,904,373,10,14,26
1987,9,364,712,350,2,5,6
1988,9,370,750,334,5,4,9
1989,9,375,694,325,6,3,7
1990,9,386,816,277,7,6,13
1991,9,402,201,407,5,3,8
1992,9,403,197,406,4,4,10
1993,9,408,228,389,12,7,15
1994,9,423,480,338,9,2,7
1995,9,428,359,333,8,3,8
1996,9,429,246,333,18,4,14
1997,9,431,368,332,16,5,14
1998,9,441,576,321,7,3,7
1999,9,452,427,313,5,2,6
2000,9,462,416,308,14,4,17
2001,9,464,400,308,6,5,13
2002,9,465,546,305,4,3,6
2003,9,472,270,303,9,2,6
2004,9,476,374,293,10,4,12
2005,9,481,281,284,7,16,26
2006,9,483,276,271,6,5,14
2007,9,488,276,261,4,4,8
2008,9,491,271,242,5,4,7
2009,9,492,747,229,6,3,6
2010,9,493,719,229,4,3,6
2011,9,511,919,619,3,3,6
2012,9,512,763,619,3,8,10
2013,9,516,928,614,3,8,10
2014,9,517,911,609,12,13,31
2015,9,519,919,610,3,4,6
2016,9,525,905,608,5,14,22
2017,9,528,863,615,11,8,15
2018,9,533,884,608,13,15,19
2019,9,536,840,611,10,10,13
2020,9,537,842,601,8,8,13
2021,9,544,776,610,12,8,14
2022,9,546,772,601,5,7,8
2023,9,547,768,600,4,7,8
2024,9,563,816,554,3,5,6
2025,9,574,663,659,10,3,6
2026,9,575,623,656,10,3,6
2027,9,576,575,650,18,7,11
2028,9,577,743,612,10,17,18
2029,9,578,752,606,7,15,17
2030,9,581,759,557,6,4,7
2031,9,582,761,549,3,4,6
2032,9,583,769,543,8,3,6
2033,9,584,733,532,4,3,6
2034,9,585,743,531,10,4,8
2035,9,586,599,531,4,3,6
2036,9,587,731,528,6,3,6
2037,9,589,858,517,10,11,20
2038,9,593,824,503,8,4,9
2039,9,601,832,478,9,4,6
2040,9,607,696,386,3,7,9
2041,9,608,672,357,11,10,15
2042,9,609,672,349,3,7,7
2043,9,612,635,300,4,6,9
2044,9,613,645,294,3,6,8
2045,9,614,640,293,3,5,8
2046,9,616,641,279,9,8,18
2047,9,617,633,277,6,7,10
2048,9,621,639,223,6,3,6
2049,9,623,743,218,10,3,6
2050,9,624,751,217,5,3,6
2051,9,625,735,217,5,4,7
2052,9,626,781,215,4,3,6
2053,9,627,777,215,4,3,6
2054,9,630,747,167,6,3,6
2055,9,631,735,167,9,6,11
2056,9,634,716,163,5,3,6
2057,9,635,718,156,3,4,6
2058,9,638,583,141,3,4,6
2059,9,639,700,137,3,4,6
2060,9,642,720,127,6,6,10
2061,9,643,708,126,4,3,6
2062,9,645,714,125,7,5,10
2063,9,646,575,125,4,4,6
2064,9,649,703,119,8,5,12
2065,9,650,717,118,6,3,6
2066,9,659,849,108,17,2,8
2067,9,662,736,108,42,4,22
2068,9,663,82,108,15,2,6
2069,9,667,740,102,6,3,7
2070,9,669,294,92,3,7,9
2071,9,685,429,54,4,10,8
2072,9,686,481,51,12,13,20
2073,9,692,463,70,5,5,7
2074,9,693,467,69,4,4,8
2075,9,694,454,52,14,15,19
2076,9,700,327,97,3,4,6
2077,9,701,359,90,4,4,8
2078,9,702,361,76,6,3,6
2079,9,705,267,36,165,5,21
2080,9,708,709,100,4,3,6
2081,9,709,695,100,4,3,6
2082,9,710,687,83,10,6,11
2083,9,711,494,69,28,41,29
2084,9,714,447,28,3,4,6
2085,9,715,214,18,19,6,19
2086,9,716,193,18,18,6,14
2087,9,717,182,18,9,6,11
2088,9,718,171,18,9,6,8
2089,9,719,151,18,18,6,14
2090,9,720,126,18,22,6,23
2091,9,721,298,17,18,7,13
2092,9,722,289,17,7,7,9
2093,9,723,269,17,18,7,27
2094,9,724,245,17,22,7,23
2095,9,725,235,17,7,7,15
2096,9,727,611,21,5,4,6
2097,9,728,578,21,5,3,6
2098,9,731,498,15,25,12,20
2099,9,732,505,17,10,8,8
2100,9,733,489,15,5,13,16
2101,9,737,446,9,8,11,13
2102,9,741,477,5,5,3,7
2103,9,744,465,0,3,4,6
2104,10,2,1090,408,8,11,15
2105,10,13,46,336,19,3,13
2106,10,14,991,335,4,3,6
2107,10,16,1091,309,9,3,8
2108,10,19,1018,308,5,3,6
2109,10,21,1056,301,9,5,8
2110,10,26,1089,277,5,6,8
2111,10,31,995,265,3,40,23
2112,10,34,66,235,3,28,11
2113,10,36,989,229,2,32,18
2114,10,37,76,229,2,51,10
2115,10,39,258,227,19,2,6
2116,10,63,65,202,4,30,17
2117,10,69,989,196,2,18,9
2118,10,70,1087,193,9,2,6
2119,10,73,991,190,3,5,8
2120,10,78,1084,186,5,6,10
2121,10,85,320,180,3,8,7
2122,10,94,762,164,6,8,15
2123,10,95,327,164,4,8,10
2124,10,114,335,211,5,5,7
2125,10,115,344,186,5,11,7
2126,10,116,335,170,10,5,12
2127,10,117,344,169,4,4,6
2128,10,118,345,162,3,4,6
2129,10,130,65,132,3,21,8
2130,10,133,739,129,6,11,19
2131,10,141,771,124,6,5,9
2132,10,156,536,117,8,5,11
2133,10,157,477,117,27,12,25
2134,10,159,763,115,5,3,6
2135,10,167,609,676,4,6,8
2136,10,173,399,657,18,3,6
2137,10,176,433,653,3,4,6
2138,10,177,311,607,5,4,7
2139,10,178,275,581,5,3,6
2140,10,179,282,580,7,4,9
2141,10,182,279,503,4,4,6
2142,10,184,536,499,4,4,8
2143,10,188,761,479,4,3,6
2144,10,189,239,479,3,4,6
2145,10,192,799,468,10,4,8
2146,10,198,836,452,4,4,6
2147,10,199,832,452,4,4,6
2148,10,201,303,439,10,3,6
2149,10,202,301,438,4,3,6
2150,10,203,295,438,7,3,6
2151,10,204,747,437,6,4,9
2152,10,205,708,437,4,3,6
2153,10,206,704,437,4,4,6
2154,10,211,376,659,7,3,7
2155,10,214,301,647,7,6,17
2156,10,218,321,627,3,5,6
2157,10,222,307,612,5,8,10
2158,10,223,287,606,17,14,19
2159,10,233,239,532,20,32,26
2160,10,235,240,560,5,3,6
2161,10,239,218,452,22,9,16
2162,10,241,260,429,4,3,6
2163,10,242,242,412,3,4,6
2164,10,243,844,406,4,3,6
2165,10,247,261,398,4,4,8
2166,10,249,256,396,6,3,6
2167,10,250,252,396,4,5,8
2168,10,251,818,395,11,7,14
2169,10,252,232,395,4,4,6
2170,10,254,831,391,7,4,8
2171,10,255,823,391,9,4,9
2172,10,257,255,391,4,4,6
2173,10,260,261,388,4,3,6
2174,10,261,254,384,6,6,10
2175,10,263,840,383,5,5,8
2176,10,264,255,379,9,6,11
2177,10,265,798,376,3,4,6
2178,10,266,259,376,4,3,6
2179,10,267,814,374,3,4,6
2180,10,269,301,374,4,3,6
2181,10,272,700,373,4,4,6
2182,10,273,293,373,4,3,6
2183,10,278,369,371,6,3,6
2184,10,279,351,371,10,4,8
2185,10,280,293,370,4,3,6
2186,10,282,546,369,5,3,6
2187,10,285,719,365,5,4,7
2188,10,287,359,365,3,4,6
2189,10,288,333,365,6,3,6
2190,10,289,573,364,4,5,7
2191,10,290,568,364,6,5,9
2192,10,291,562,364,7,6,11
2193,10,293,719,357,18,10,10
2194,10,297,738,356,6,4,6
2195,10,298,610,355,7,3,6
2196,10,299,751,354,3,4,6
2197,10,300,735,353,6,4,8
2198,10,303,601,351,4,3,6
2199,10,305,746,350,7,3,6
2200,10,306,723,350,4,3,6
2201,10,309,484,345,5,3,6
2202,10,312,591,327,3,5,6
2203,10,313,719,325,4,4,6
2204,10,318,627,305,3,5,6
2205,10,319,607,304,5,3,6
2206,10,320,727,301,4,4,6
2207,10,322,732,297,4,3,6
2208,10,323,692,297,4,4,8
2209,10,324,549,297,6,4,9
2210,10,328,544,294,7,4,7
2211,10,329,473,294,4,3,6
2212,10,331,723,293,10,10,16
2213,10,332,623,293,3,4,6
2214,10,333,495,293,18,5,8
2215,10,334,766,292,3,4,6
2216,10,338,335,283,18,3,6
2217,10,339,791,280,4,4,6
2218,10,341,805,267,4,4,6
2219,10,342,285,267,4,4,6
2220,10,347,809,249,8,4,7
2221,10,359,201,407,5,3,8
2222,10,360,197,406,4,4,10
2223,10,367,544,352,8,6,8
2224,10,377,480,338,9,2,7
2225,10,382,360,333,7,3,8
2226,10,383,246,333,18,4,15
2227,10,385,368,332,16,5,14
2228,10,399,427,313,5,2,6
2229,10,407,416,308,14,4,17
2230,10,409,400,308,6,5,12
2231,10,410,546,305,4,3,6
2232,10,417,270,303,9,2,6
2233,10,421,374,293,10,4,12
2234,10,427,281,284,7,16,26
2235,10,429,276,271,6,5,14
2236,10,434,276,261,4,4,8
2237,10,437,747,229,6,3,6
2238,10,456,763,620,5,8,13
2239,10,458,938,615,2,6,7
2240,10,459,928,612,3,9,11
2241,10,465,905,608,5,14,22
2242,10,468,863,615,11,8,15
2243,10,474,884,608,13,15,19
2244,10,477,840,611,11,10,14
2245,10,478,842,601,8,8,13
2246,10,487,776,609,12,9,19
2247,10,488,772,601,5,7,7
2248,10,489,768,600,5,6,12
2249,10,495,799,573,22,23,28
2250,10,497,785,575,4,3,6
2251,10,505,816,554,3,5,6
2252,10,514,753,531,4,3,6
2253,10,516,858,517,10,11,20
2254,10,518,663,659,10,3,6
2255,10,519,623,656,10,3,6
2256,10,520,575,650,18,7,11
2257,10,521,754,623,4,3,6
2258,10,522,751,615,4,6,9
2259,10,523,743,612,10,17,18
2260,10,524,761,549,3,4,6
2261,10,525,735,531,5,3,6
2262,10,528,824,503,8,4,9
2263,10,529,549,496,18,4,10
2264,10,530,568,491,40,6,23
2265,10,536,832,478,9,4,6
2266,10,541,920,424,3,6,8
2267,10,545,902,386,10,5,14
2268,10,546,695,386,4,8,11
2269,10,550,876,376,12,6,17
2270,10,551,904,373,10,14,26
2271,10,553,680,358,5,7,12
2272,10,561,712,350,2,5,7
2273,10,562,672,346,8,12,13
2274,10,582,640,295,4,7,6
2275,10,585,645,288,3,5,7
2276,10,592,816,277,7,6,13
2277,10,593,646,275,9,8,17
2278,10,594,638,273,6,6,8
2279,10,609,649,221,50,7,30
2280,10,610,743,218,10,3,6
2281,10,611,751,217,5,3,6
2282,10,615,741,215,5,3,6
2283,10,617,725,175,4,3,6
2284,10,618,747,167,6,3,6
2285,10,619,735,167,9,6,11
2286,10,622,716,163,5,3,6
2287,10,623,718,156,3,4,6
2288,10,624,539,145,4,3,6
2289,10,626,583,141,3,4,6
2290,10,627,700,137,3,4,6
2291,10,628,719,132,3,4,6
2292,10,630,720,127,5,5,9
2293,10,631,708,126,4,3,6
2294,10,632,714,125,7,5,10
2295,10,634,703,119,8,5,12
2296,10,635,717,118,6,3,6
2297,10,644,849,108,17,2,8
2298,10,647,736,108,42,4,22
2299,10,648,82,108,15,2,6
2300,10,653,740,102,6,3,7
2301,10,654,294,93,3,6,8
2302,10,670,479,51,13,13,24
2303,10,671,429,51,4,13,12
2304,10,675,467,70,4,3,6
2305,10,676,463,70,5,6,7
2306,10,677,453,51,14,16,27
2307,10,684,327,97,3,4,6
2308,10,685,359,91,10,3,6
2309,10,686,361,76,6,3,6
2310,10,687,433,72,3,4,6
2311,10,689,267,36,165,5,22
2312,10,692,695,100,4,3,6
2313,10,693,687,83,10,6,11
2314,10,694,493,69,29,41,27
2315,10,698,214,18,19,6,19
2316,10,699,193,18,18,6,14
2317,10,700,182,18,9,6,11
2318,10,701,171,18,9,6,8
2319,10,702,151,18,18,6,14
2320,10,703,126,18,22,6,23
2321,10,704,298,17,18,7,13
2322,10,705,289,17,7,7,9
2323,10,706,269,17,18,7,27
2324,10,707,245,17,22,7,23
2325,10,708,235,17,7,7,15
2326,10,710,611,21,5,4,6
2327,10,711,578,21,5,3,6
2328,10,714,498,15,25,12,20
2329,10,715,505,17,10,8,8
2330,10,716,489,15,5,12,7
2331,10,721,444,5,6,12,10
2332,10,722,476,4,5,4,9
2333,11,2,1093,409,7,10,12
2334,11,33,66,235,3,28,11
2335,11,35,989,229,2,32,15
2336,11,62,65,202,4,30,16
2337,11,66,327,196,4,8,14
2338,11,143,739,129,6,11,19
2339,11,167,477,118,13,5,11
2340,11,173,491,116,12,13,17
2341,11,189,431,650,18,7,19
2342,11,208,832,451,8,6,13
2343,11,218,301,646,7,7,20
2344,11,229,239,547,18,17,18
2345,11,238,256,428,8,4,11
2346,11,246,818,395,11,7,14
2347,11,261,255,379,9,6,11
2348,11,289,615,359,10,6,11
2349,11,298,543,355,10,6,12
2350,11,307,520,348,5,6,11
2351,11,323,599,301,6,8,11
2352,11,365,197,406,12,4,12
2353,11,403,408,333,8,4,11
2354,11,405,245,333,19,4,15
2355,11,408,368,332,16,5,14
2356,11,414,408,325,11,4,15
2357,11,416,544,324,11,8,15
2358,11,452,253,291,11,13,19
2359,11,456,276,271,6,5,14
2360,11,459,248,265,16,8,19
2361,11,463,270,240,10,4,11
2362,11,471,632,223,13,4,12
2363,11,484,763,620,5,8,13
2364,11,495,905,608,5,14,18
2365,11,499,863,615,11,8,17
2366,11,506,840,611,11,10,14
2367,11,507,842,601,8,8,13
2368,11,557,575,650,18,7,11
2369,11,561,743,613,10,16,16
2370,11,570,548,495,20,4,12
2371,11,586,902,386,10,5,14
2372,11,602,676,345,5,11,11
2373,11,610,745,333,10,5,17
2374,11,643,816,277,7,6,13
2375,11,644,650,273,10,7,18
2376,11,656,651,221,35,5,14
2377,11,681,703,119,8,5,12
2378,11,746,214,18,19,6,19
2379,11,747,193,18,18,6,14
2380,11,749,171,18,9,6,11
2381,11,750,151,18,18,6,14
2382,11,752,298,17,18,7,13
2383,11,756,235,17,7,7,14
2384,11,764,488,15,6,13,11
2385,11,770,441,1,5,13,16
2386,12,2,1093,409,7,10,12
2387,12,33,66,235,3,28,11
2388,12,35,989,229,2,32,18
2389,12,62,65,201,4,31,17
2390,12,95,328,173,4,15,14
2391,12,167,408,118,17,3,11
2392,12,174,491,116,12,13,15
2393,12,192,431,650,18,7,19
2394,12,197,271,507,15,10,18
2395,12,234,302,645,6,6,11
2396,12,282,818,395,11,6,13
2397,12,325,615,359,10,6,11
2398,12,408,544,349,8,9,17
2399,12,425,245,333,18,4,20
2400,12,442,504,324,16,10,13
2401,12,464,432,304,24,6,11
2402,12,475,253,291,11,13,18
2403,12,479,276,271,6,5,14
2404,12,485,270,240,10,5,14
2405,12,501,768,634,3,10,14
2406,12,516,905,608,5,14,18
2407,12,518,863,615,11,8,20
2408,12,525,840,611,11,10,14
2409,12,526,842,601,8,8,12
2410,12,535,768,599,9,10,12
2411,12,542,768,569,5,12,19
2412,12,574,743,606,10,23,18
2413,12,603,695,387,4,9,11
2414,12,620,676,345,5,11,11
2415,12,623,722,342,5,8,12
2416,12,654,816,277,7,6,13
2417,12,655,650,273,10,7,18
2418,12,662,627,222,25,5,11
2419,12,663,651,221,34,5,14
2420,12,691,714,125,7,5,11
2421,12,693,703,119,8,5,12
2422,12,705,737,108,41,4,16
2423,12,767,193,18,18,6,14
2424,12,769,171,18,9,6,11
2425,12,770,151,18,18,6,14
2426,12,772,298,17,18,7,14
2427,12,776,236,17,6,7,12
2428,12,790,441,1,5,13,13
2429,13,11,767,636,8,8,17
2430,13,22,905,608,5,13,20
2431,13,29,839,611,12,10,19
2432,13,30,841,601,10,9,19
2433,13,36,776,607,13,11,18
2434,13,37,768,599,9,10,19
2435,13,97,727,353,8,4,11
2436,13,116,757,334,9,3,14
2437,13,128,687,320,6,17,19
2438,13,161,655,272,10,7,17
2439,13,173,66,235,3,28,12
2440,13,175,988,229,3,32,17
2441,13,210,65,201,4,31,17
2442,13,224,322,192,6,6,12
2443,13,265,762,148,6,8,15
2444,13,316,476,118,12,5,12
2445,13,320,489,117,13,11,16
2446,13,337,671,651,18,6,16
2447,13,339,431,651,6,5,12
2448,13,340,439,649,18,8,18
2449,13,348,743,612,9,25,17
2450,13,368,239,451,5,17,14
2451,13,380,301,648,6,5,12
2452,13,398,235,542,8,19,20
2453,13,403,248,508,11,12,14
2454,13,425,818,395,11,6,13
2455,13,457,615,359,10,6,11
2456,13,465,584,346,9,11,17
2457,13,573,245,333,18,4,15
2458,13,589,381,327,9,6,13
2459,13,597,504,323,16,11,13
2460,13,634,282,291,6,8,11
2461,13,646,270,240,11,6,15
2462,13,653,650,221,38,6,20
2463,13,664,751,203,7,10,16
2464,13,685,715,125,6,5,11
2465,13,701,738,108,40,4,20
2466,13,721,429,44,3,20,11
2467,13,751,193,18,18,6,18
2468,13,752,182,18,9,6,11
2469,13,754,151,18,18,6,14
2470,13,756,298,17,18,7,14
2471,13,760,236,17,6,7,12
2472,13,761,214,17,19,7,18
2473,13,767,497,15,26,12,20
2474,13,775,439,0,6,9,11
2475,14,0,1094,409,6,10,13
2476,14,7,991,335,16,4,17
2477,14,23,995,265,3,41,13
2478,14,25,66,235,3,28,13
2479,14,28,989,229,2,32,15
2480,14,62,315,204,5,6,11
2481,14,64,65,201,4,31,17
2482,14,68,325,198,8,6,12
2483,14,89,325,179,7,10,12
2484,14,107,759,164,7,9,12
2485,14,170,476,118,12,5,14
2486,14,176,490,116,12,12,19
2487,14,192,664,651,25,8,17
2488,14,211,727,515,7,6,12
2489,14,225,239,451,5,19,15
2490,14,239,297,612,15,8,17
2491,14,247,247,508,9,11,11
2492,14,268,823,395,9,6,12
2493,14,286,551,363,27,7,18
2494,14,287,535,363,10,6,13
2495,14,305,583,348,10,9,17
2496,14,337,216,414,8,4,13
2497,14,348,224,391,16,5,17
2498,14,390,246,333,17,4,16
2499,14,399,368,325,23,7,18
2500,14,403,544,323,16,9,17
2501,14,415,454,312,26,5,14
2502,14,420,496,308,24,8,11
2503,14,426,263,303,5,4,11
2504,14,428,408,302,24,4,11
2505,14,450,266,240,16,4,15
2506,14,475,905,614,5,6,13
2507,14,477,759,613,5,7,12
2508,14,484,894,607,6,15,19
2509,14,490,839,611,12,10,15
2510,14,497,776,608,13,10,15
2511,14,499,768,599,9,10,18
2512,14,509,807,566,9,4,13
2513,14,591,686,322,6,15,20
2514,14,615,655,272,10,7,15
2515,14,625,651,221,37,6,20
2516,14,629,751,215,11,6,13
2517,14,633,748,203,11,15,20
2518,14,639,725,156,10,9,13
2519,14,660,842,108,23,2,16
2520,14,662,741,108,37,4,11
2521,14,685,429,44,3,19,14
2522,14,713,539,107,14,4,14
2523,14,733,193,18,18,6,14
2524,14,735,171,18,9,6,11
2525,14,736,151,18,18,6,16
2526,14,739,289,17,7,7,11
2527,14,742,235,17,7,7,14
2528,14,758,439,0,6,9,11
